[
  { "id": 1, "text": "What does 'learn the ropes' mean?", "options": ["Learn how to tie a rope", "Learn how to drive", "Learn the basics", "Learn drawing"], "answer": 2 },
  { "id": 2, "text": "What does 'uphill battle' mean?", "options": ["A hard strife", "A hard exam", "A hard work", "A hard fight"], "answer": 3 },
  { "id": 3, "text": "Which one is NOT a medical word?", "options": ["Hypertension", "Respiratory system", "Anesthesia", "Penthouse"], "answer": 3 },
  { "id": 4, "text": "What does 'go under the knife' mean?", "options": ["To cut something", "To slice the cake", "To have surgery", "To be executed"], "answer": 2 },
  { "id": 5, "text": "What does 'amputation' mean?", "options": ["Cut someone's leg", "A surgical removal of a part of the body", "High blood pressure", "Infection"], "answer": 1 },
  { "id": 6, "text": "'Wiped the floor with you' means:", "options": ["Defeated you badly", "Killed you", "Cleaned your house", "Helped you"], "answer": 0 },
  { "id": 7, "text": "What does 'fabricating evidence' mean?", "options": ["Went under investigation", "Created false evidence", "Protected real evidence", "Gave money to someone"], "answer": 1 },
  { "id": 8, "text": "What is obesity?", "options": ["A condition that causes measles", "A condition that can increase the risk of diabetes", "A condition where people lose weight quickly", "A rare condition where poor people suffer from it"], "answer": 1 },
  { "id": 9, "text": "Depreciation means:", "options": ["The value of an asset decreases over time", "The ability of an asset to convert to cash", "The owed money", "A stock"], "answer": 0 },
  { "id": 10, "text": "What is liability?", "options": ["The money that you have", "The money that is payable", "The money you gained from stock", "The money you lost"], "answer": 1 },
  { "id": 11, "text": "Placenta accreta means:", "options": ["Attached placenta", "Separated placenta", "Nearby placenta", "Lower placenta"], "answer": 0 },
  { "id": 12, "text": "What does 'bear fruit' mean?", "options": ["Success", "Achieve something", "Lose everything", "Procrastinate"], "answer": 1 },
  { "id": 13, "text": "What does 'all-out civil war' mean?", "options": ["Peaceful war", "Economic war", "A war with no limits on areas, weapons, or participants", "A tribal war"], "answer": 2 },
  { "id": 14, "text": "Cesarean section is:", "options": ["Related to a maternity procedure", "Related to brain surgery", "Related to appendicitis", "Related to blood pressure"], "answer": 0 },
  { "id": 15, "text": "What is measles?", "options": ["A contagious disease", "Brain damage", "Loss of appetite", "A continuous cough"], "answer": 0 },
  { "id": 16, "text": "What does a topic sentence do in a paragraph?", "options": ["It explains the conclusion", "It introduces the main idea of the paragraph", "It provides a quote from a source", "It restates the thesis"], "answer": 1 },
  { "id": 17, "text": "Which sentence is a compound sentence?", "options": ["I was hungry because I skipped lunch", "She practices piano every day", "I wanted to play football, but it started raining", "Since he was late, he missed the bus"], "answer": 2 },
  { "id": 18, "text": "'Shake off your problems' means:", "options": ["To ignore your responsibilities", "To get rid of your problems and move on", "To share your problems with others", "To make your problems worse"], "answer": 1 },
  { "id": 19, "text": "........tigers are disappearing in the wild.", "options": ["A", "An", "The", "No article"], "answer": 2 },
  { "id": 20, "text": "When I ........ home, I realized I had forgotten my keys.", "options": ["Arrive", "Arriving", "Arrived", "Was arriving"], "answer": 2 },
  { "id": 21, "text": "Which of the following is a simple sentence?", "options": ["I like tea, and she likes coffee", "After the rain stopped, we went outside", "He reads books", "Because he was tired, he went to bed early"], "answer": 2 },
  { "id": 22, "text": "I ........ my homework before dinner.", "options": ["Finish", "Finished", "Finishing", "Finishes"], "answer": 1 },
  { "id": 23, "text": "He always ......... to music.", "options": ["Listen", "Listening", "Listened", "Listens"], "answer": 3 },
  { "id": 24, "text": "Which of the following phrases expresses sympathy?", "options": ["Absolutely", "That's great!", "You're kidding", "Bad luck"], "answer": 3 },
  { "id": 25, "text": "'What', 'Which', and 'Whose' can be followed by:", "options": ["A noun", "A verb", "An adjective", "An adverb"], "answer": 0 },
  { "id": 26, "text": "Identify the complex sentence:", "options": ["The dog barked badly", "He washed the dishes, and cleaned the floor", "Although it was cold, we went for a walk", "I ran fast, but he ran faster"], "answer": 2 },
  { "id": 27, "text": "Why ......... she crying in the middle of the movie?", "options": ["Is", "Are", "Do", "Does"], "answer": 0 },
  { "id": 28, "text": "The train .......... at 7:30 every morning.", "options": ["Leave", "Leaves", "Left", "Leaving"], "answer": 1 },
  { "id": 29, "text": "A complex sentence is defined as:", "options": ["Two or more independent clauses joined by a coordinating conjunction", "One independent clause and one or more dependent clauses joined by a subordinating conjunction", "A sentence with only one clause", "A sentence that has many subjects"], "answer": 1 },
  { "id": 30, "text": "Which of the following is a coordinating conjunction?", "options": ["Because", "Although", "But", "Since"], "answer": 2 }
]